positive,negative
absah,abnormal
absolut,absurd
acuan,acak
afdol,acak-acakan
ahli,acuh
akademisi,acuh tak acuh
akan bayar,adiktif
akbar,adil
akrab,agresi
aktif,agresif
aktualisasi,agresor
akur,aib
akurat,air terjun
alami,akurat
alamiah,alarm
alhamdulillah,alasan
alim,alat permainan
alim ulama,alergi
amal,alergik
amal jariah,amat ketakutan
aman,amat panas
aman-aman,ambigu
amboi,ambivalen
ampuh,ambivalensi
anak emas,amoral
andal,amoralitas
andalan,ampun
anggukan,amuk
anggun,anak nakal
animo,anak yatim
anjuran,anarki
anteng,anarkis
antusias,anarkisme
antusiasme,ancaman
anugrah,aneh
apresiasi,aneh lagi
arahan,anehnya
atensi,angkuh
ayo,angriness
bagus,anjing
bahagia,anjlok
bahagiakan,anomali
bahagian,antagonis
bahu-membahu,antagonisme
baik,antek
baik-baik,anti-
bajik,anti-Amerika
bakat,anti-Israel
bakti,anti-kita
bala bantuan,anti-pendudukan
balas budi,anti-proliferasi
balas jasa,anti-putih
bangga,anti-Semit
bangkit,antipati
bantu,antisosial
bantuan,antitesis
banyak,apak
banyak-banyak,apati
beasiswa,apatis
bebas banjir,apek
bebas hambatan,apokaliptik
bebas murni,apologis
becus,argumentatif
bekal,artinya jika
beken,asam
bekerja keras,asap
bekerja sama,asem
belajar,asing
belas kasih,astaghfirullah
benah,asusila
benar,awan
bening,awas
berakal,babi
berakhlak,badai
beramal,bahan tertawaan
beraneka ragam,bahaya
berangkulan,bajingan
berani,baju kotor
berbagi,balas dendam
berbahagia,bandel
berbaikan,bandot
berbakat,bangkrut
berbakti,bantingan
berbangga,banyak sekali
berbinar-binar,barang ganjil
berbobot,barbar
berbudaya,basi
berbudi,bau
berbunga-bunga,bawahan
bercahaya,bebal
berdamai,beban
berdaulat,bejat
berdaya,bekas
berdaya guna,bekas luka
berdaya upaya,bekas roda
berdecak kagum,beku
berdikari,belah
berempati,belum dewasa
beretika,belum dicoba
beretiket,belum dikonfirmasi
berfaedah,belum pasti
berfungsi,belum selesai
bergandengan,benar-benar
bergizi,bencana
bergotong-royong,bencana alam
berguna,benci
berhadiah,bengah
berharap,bengis
berharga,bengkak
berhasil,bengkeng
berhemat,bengkok
berihtiar,benjolan
berijtihad,bentrokan
berikhtiar,beracun
berikrar,beradab
beriktikad,berakhir
beriman,berang
berimbang,berani
berinisiatif,berantakan
berinovasi,berat
beritikad,berat sebelah
berjaya,berawan
berkembang pesat,berbahaya
berkesinambungan,berbatu-batu
berkhasiat,berbau
berkibar,berbeda
berkontribusi,berbisa
berkoordinasi,berbohong
berkreasi,berbuat curang
berkualitas,berbuat jahat
berlimpah,berbuat salah
bermaaf-maafan,berbuih
bermanfaat,bercacat
berminat,berdalih
bermoral,berdarah
bermusyawarah,berdasar
berniat,berdaya
berolah raga,berdebar
berpeluang,berdebat
berpelukan,berdebu
berpengalaman,berdengung
berprestasi,berdenyut
bersabar,berdenyut-denyut
bersahabat,berderak
bersahaja,berderit
bersalam-salaman,berdetak
bersalaman,berdokumen
bersama,berdosa
bersama-sama,berduka
bersatu,berduri
bersatu padu,berdusta
bersedia,berebut
bersesuaian,bergairah
bersilaturahmi,bergegas
bersimpati,bergelombang
bersinergi,bergeming
bersopan santun,bergerak
bersorak,bergerak lambat
bersorak sorai,bergerigi
bersosialisasi,bergetar
bersukaria,bergolak
bersyukur,bergulat
bertahan,berhaluan kiri
bertahap,berisiko
bertalenta,berita palsu
bertasawuf,berjangkit
bertasbih,berjuang
bertasyakur,berkarat
bertaubat,berkata tanpa berpikir
bertawakal,berkedip
bertekad,berkejut
bertepa salira,berkenan
berterima kasih,berkeping-keping
berterus terang,berkeras pendirian
bertobat,berkeringat
beruntung,berkerut
berupaya,berkhayal
berusaha,berkilat
berwawasan,berkilau
berwibawa,berkolusi
berzakat,berkonflik
berzikir,berkubang
betul,berkurang
bhinneka,berlangganan
bibit unggul,berlebihan
bijak,berlemak
bijaksana,berlengah-lengah
bintang kelas,berlepotan
bintang lapangan,berliku-liku
bintang panggung,berlumpur
bisa,bermain berlebih-lebihan
bismillah,bermasalah
bombastis,berminyak
bonafid,bermoral
bonafide,bermuka dua
bonafit,bermuram
bonus,bermuram durja
brilian,bermusuhan
buah hati,bermutu rendah
buah karya,bernasib buruk
budi pekerti,bernoda kotor
budiman,berongga
cakap,berperang
cakep,berpura-pura
canggih,berputus asa
cekatan,bersaing
cemerlang,bersakit
cendekia,bersanding
cendekiawan,bersedih
cepat,bersekongkol
cerdas,berselang
cerdik,berselisih
ceria,bersemangat
cermat,bersenandung
cermati,berserakan
cita,bersetubuh
cita-cita,bersisik
cocok,bertele-tele
cukup,bertemu
cuma-cuma,bertengkar
damai,bertentangan
daur ulang,berteriak
daya guna,bertindak tidak pantas
daya gunakan,bertingkah
daya upaya,bertubuh kecil
decak kagum,berukuran terlalu kecil
demokrasi,berumur pendek
demokratis,berwajah dua
devisa,biadab
dewasa,bias
diaktifkan,biasa
diakui,biasa-biasa saja
diakurkan,bid'ah
diamini,bikinan
diaminkan,bimbang
diandalkan,binasa
dianjurkan,bingung
dianugerahi,Bingung
dianugerahkan,bisa ular
dianugrahkan,bising
diarahkan,blunder
dibaguskan,bobrok
dibahagiakan,bocor
dibaikkan,bodoh
dibanggakan,bohong
dibantu,bom
dibekali,boneka
dibekalkan,boros
dibela,bosan
dibenahi,botak
diberdayakan,brutal
diberitahu,bual
dibina,buar
dicapai,buas
dicerdaskan,budak
diceriakan,bug
dicermati,bukan kepalang
dicermatkan,buntu
didamaikan,bunuh diri
didaur ulang,buram
didayagunakan,buritan
didayaupayakan,buronan
didik,buruk
didonasikan,buruk sekali
didonorkan,busuk
diedukasi,buta
diedukasikan,buta huruf
diefektifkan,cabul
difavoritkan,cacat
digalakkan,cacian
digandrungi,calo
digapai,cambuk
digratiskan,canggung
dihadiahi,cara
dihadiahkan,cari perkara
dihargai,carut-marut
diharmoniskan,cebol
dihemat,cedera
dihibur,cekcok
dihijaukan,cekung
dihormati,celaan
dikaji kembali,celah
dikakgumi,celaka
dikaruniai,cemas
dikaruniakan,cemberut
dikaryakan,cemburu
dikasihi,cemooh
diketahui,cemoohan
diklarifikasi,cenderung
dikokohkan,cengeng
dikukuhkan,cengking
dilancarkan,cercaan
dilanggengkan,cerdik
dilapangi,cerewet
dilapangkan,ceroboh
dilegakan,compang-camping
dilerai,corengan
dilestarikan,cukup
dilimpahkan,curam
dilindungi,curang
diluhurkan,curiga
dilunasi,dancok
dimaafkan,dangkal
dimerdekakan,deadline
diminati,debu
dimotivasi,defensif
dimudahkan,degenerasi
dimuliakan,degradasi
dioptimalkan,dehumanisasi
dipahami,delusi
dipathui,demam
dipatuhi,demoralisasi
dipelajari,dendam
dipenuhi,dengan mencemoohkan
diperbagus,dengan mendapat malapetaka
diperbaiki,dengan mengagetkan
diperbantukan,dengan menghina
diperbarui,dengan menyedihkan
diperbenar,dengan menyesal
dipercakap,dengan panas
dipercakep,dengan penuh ketakutan
dipercanggih,dengan rasa curiga
dipercantik,dengan rasa hina
dipercaya,dengan remeh-temeh
dipercepat,dengan sedih
diperdamai,dengan segan
diperelok,dengan sengit
dipererat,dengan sia-sia
diperkenankan,dengan suara keras
diperlancar,dengan sukar
diperlapang,dengan terbahak-bahak
dipermudah,dengan tidak senang
dipersatukan,dengki
dipersolid,depresi
dipertampan,derita
diprioritaskan,desis
diproses,destruktif
dipuaskan,diam
dipulihkan,diam-diam
diraih,dibakar
dirampungkan,dibanjiri
dirangkul,dibantai
dirapihkan,dibenarkan
dirapikan,dibenci
dirawat,dibesar-besarkan
direnungi,dibuang
direnungkan,dibuat-buat
direstui,dicela
diridai,dicerca
diridhai,dicuci
diridhoi,dicuri
diridoi,didanai
dirohmati,diganggu
dirukunkan,dihaluskan
disadarkan,dihentikan
disanjung,dihibur
disanjung-sanjung,dihukum
disantuni,dijauhi
disapu bersih,dijelaskan
disatukan,dikaburkan
disayangi,dikenakan
diserahkan,dikorbankan
disetujui,diktator
disingsingkan,diktatoris
disolidkan,dilapisi gula
distabilkan,dilecehkan
disterilkan,dilema
distimulasi,dilenyapkan
disubsidi,dimaafkan
disucikan,dimarahi
disukai,dimengerti
disukseskan,dingin
disyukuri,diperangi
ditaati,diperkosa
ditabahkan,diperlakukan dengan buruk
ditauladani,dipermainkan
ditekuni,dipertanyakan
diteladani,dipikirkan
ditenangkan,dirampas
ditenteramkan,diremehkan
ditentramkan,dirugikan
ditepati,disalahgunakan
diterangi,disalahpahami
diterima,disayangkan
ditertibkan,disebut-sebut
ditindaklanjuti,disederhanakan
ditolong,disengaja
dituntun,disengketakan
diunggulkan,disiram
diuntungkan,diskredit
diupayakan,diskriminasi
diusahakan,diskriminatif
diutamakan,disorient
doakan,disproporsional
donasi,distorsi
donatur,ditakdirkan
donor,ditinggalkan
dorong,ditipu
dukungan,ditolak
dzikir,dogmatis
edukasi,dominan
edukatif,dongkol
efektif,dosa
efisien,downgrade
ekonomis,drastis
ekspres,drop-out
elegan,dua wajah
elite,dugaan
elok,duka
eloknya,dukun
empati,dumping
enak,dungu
enak-enak,duniawi
enteng,dupa
esensial,durhaka
estetik,duri
estetis,dusta
etis,dusun
evaluasi,dwimakna
faedah,edan
fakta,egois
faktual,egoisme
fantastis,egomania
fasih,egosentris
favorit,ejek
fenomenal,ejekan
final,ekonomis
fitrah,eksploitasi
gagah,eksploitatif
gampang,eksplosif
ganteng,ekstremis
gapai,enggan
gegap gempita,enggan membantu
gemilang,erosi
genius,fana
genjot,fanatik
giat,fanatisme
gigih,fantastis
gilang-gemilang,fasis
gotong-royong,fasisme
gratis,fatal
gunanya,fiksi
hadiah,fitnah
hak mutlak,fitnahan
hakikat,fobia
hakiki,friksi
halal,frustasi
halal bihalal,frustrasi
halalbihalal,fundamentalis
handal,fundamentalisme
happy,ga jelas
harapan,ga karuan
harapkan,ga peka
harmoni,gadungan
harmonis,gagal
harmonisasi,gagap
hebat,gaib
heroik,galak
hibah,ganas
hibur,gangguan
hidayah,ganjil
hidmat,ganti rugi
hidup,gantung
higienis,garang
hikmah,garis keras
hits,garu
hoki,gasang
hore,gatal
hormat,gegabah
hormat-menghormati,gejala
hormati,Gejala
humoris,gelandangan
husnul khatimah,gelap
ibadah,gelisah
ideal,gelora
ihsan,gembar-gembor
ihtiar,gendut
ijtihad,genit
ikhlas,genosida
ikhtiar,genting
iktikad,gerah
ilmiah,geram
iman,gerombolan
impresif,gesekan
imut-imut,gesper
indah,getah
informatif,getaran
inisiatif,giat
inovasi,gigih
inovatif,gigil
inovator,gila
insaf,gila hormat
insan,gila ketakutan
insan kamil,gila-gilaan
insentif,godaan
inspirasi,goreng
insya allah,goresan
integritas,gosip
intelek,goyah
intelektual,goyangan
inteligensi,gua
inteligensia,gugup
intensif,gurun
irit,gusar
islami,habis
istikharah,hak milik
istimewa,hal merendahkan diri
istiqamah,hal tidak dimengerti
itikad,halangan
itikaf,hama
izin,hambatan
jago,hampir
jagoan,hampir mati
jangan dulu,hancur
jawaban,hang
jelas,haram
jelaskan,harga di atas
jempolan,hasutan
jenius,haus
juara,haus darah
jujur,hedon
kagum,hedonistik
kaji,hegemoni
kamil,hegemonisme
kampiun,hemat
kapabel,hidung belang
karib,hina
karisma,hingar-bingar
karismatik,hiruk-pikuk
karunia,histeri
kasih,histeria
keakraban,histeris
keanggunan,hujat
kebaikan,hukuman
kebajikan,hukuman penjara
kebanggaan,hukuman setimpal
kebenaran,hutang
keberhasilan,iblis
kebersamaan,idiot
keberuntungan,igauan
kebulatan suara,ih
kebulatan tekad,ikut campur
kecakapan,ilegal
kecekatan,Iluminati
kecemerlangan,ilusi
keelokan,imajiner
kegemilangan,imperialis
kegeniusan,impoten
kegigihan,impulsif
kehebatan,individualis
kehormatan,indoktrinasi
keikhlasan,infeksi
keindahan,inferioritas
keistimewaan,inflamasi
kejayaan,inflasi
kejelasan,ingusan
kejeniusan,inkompeten
kejujuran,inkompetensi
kekaguman,inkonsistensi
kekeluargaan,inkonstitusionil
kekhidmatan,insensitively
kekhusukan,interupsi
kekhusyukan,intimidasi
kelancaran,intrusi
kelapangan,invasif
kelebihan,irasional
kelembutan,irasionalitas
kelezatan,iri
kemajuan,Iritasi
kemakmuran,ironi
kemampuan,ironis
kemandirian,ironisnya
kemantapan,isolasi
kemenangan,istirahat
kemeriahan,isu
kemudahan,jadah
kemuliaan,jahanam
kenikmatan,jahat
kenyamanan,jalan buntu
kepedulian,jalan keluar
kepercayaan,jancuk
keramahan,janggal
keren,jatuh
keridaan,jatuh sakit
keridhaan,jauh
keridhoan,jebakan
keridoan,jelaga
kerja,jelas
kerukunan,jelatang
kesabaran,jelek
kesanggupan,jelu
keselarasan,jempol kebawah
kesepakatan,jenaka
kesesuaian,jengkel
keshalehan,jerat
kesinambungan,jerawat
kesopanan,jeritan
kesuksesan,jeruk nipis
ketaatan,jijik
ketabahan,jompo
ketawakalan,jumlah sedikit
ketegarab,kabur
ketekunan,kabut
keteladanan,kacau
ketenangan,kadaluarsa
ketentraman,kadung
keterbukaan,kafir
ketertiban,kagum
keunggulan,kain kafan
keuntungan,kaku
kewajiban,kalah
kewenangan,kalahan
keyakinan,kambing hitam
kharisma,kambuh
kharismatik,kampungan
khidmat,kandang
khusyuk,kandas
klarifikasi,kanibal
kokoh,kanker
kolaborasi,kantong sampah
komersial,kapak
komfortabel,kapalan
komitmen,karat
kompak,kasar
kompatibel,kasihan
kompeten,kata-kata kasar
kompetensi,katastropi
komplet,keadaan acuh tak acuh
komprehensif,keadaan buruk
komunikasi,keadaan darurat
komunikatif,keadaan pingsan
kondusif,keadaan sulit
konfirmasi,keanehan
konform,keangkuhan
konkret,kebal
konsisten,kebencian
konsistensi,keberanian
konstan,keberatan
kontinu,keberbahayaan
kooperatif,kebetulan
koordinasi,kebiadaban
kreasi,kebiasaan
kreatif,kebingungan
kreativitas,KEBINGUNGAN
kuat,kebiri
lailatul kadar,kebisingan
lailatul qadar,kebobolan
lailatulkadar,kebocoran
lailatulqadar,kebodohan
lancar,kebohongan
langgeng,kebosanan
langsing,kebrutalan
laporkan,kebuntuan
layak,keburukan
lega,kecabulan
legal,kecaman
legendaris,kecanduan
leluasa,kecapaian
lembut,kecelakaan
lerai,kecelakaan kapal
lezat,kecemasan
lincah,kecemburuan
logis,kecenderungan
lolos,kecenderungan untuk menurun
loyal,kecerobohan
loyalitas,kecewa
luar biasa,kecil
lucu,kecongkakan
luhur,kecurangan
lulus,kecurigaan
lunas,kedangkalan
luwes,kedengkian
mabrur,keengganan
mahir,kefanatikan
maju,kegagalan
makan,keganasan
makmur,kegarangan
mampu,kegelapan
mandiri,kegelisahan
manfaat,kegemparan
manjur,kegemukan
mantap,kegilaan
masuk akal,kegoyangan
masukan,kegugupan
masyhur,kehabisan
megah,kehancuran
melancarkan,kehebohan
melanggengkan,Keheranan
melapangkan,kehilangan
melaporkan,kehilangan keseimbangan
melegakan,kehinaan
melerai,keinginan pribadi
meleraikan,keingkaran
melestarikan,keirasionalan
melezatkan,kejahatan
melindungi,kejam
meluhurkan,kejang
melunasi,kejanggalan
meluruskan,kejangkitan
memaafkan,kejatuhan
memadai,kejelekan
memahami,kejengahan
memajukan,kejengkelan
memakmurkan,keji
memantapkan,kejut
mematuhi,kekacauan
membaguskan,kekakuan
membahagiakan,kekalahan
membaik,kekanak-kanakan
membalas budi,kekecewaan
membanggakan,kekecilan
membangkitkan,kekejaman
membangun,kekejamannya
membantu,kekeliruan
membawa revolusi,kekenyangan
membenahi,kekerasan
memberbaiki,kekerasan pendirian
memberdayakan,kekeringan
memberi kesempatan,kekesalan
memberikan kesempatan,kekhawatiran
membesarkan,kekhilafan
membetulkan,kekosongan
membulatkan hati,kekotoran
membulatkan tekad,kekuatiran
memenagkan,kekurangan
memenangkan,kekurangpekaan
memenuhi,kelakuan buruk
memenuhi persyaratan,kelalaian
memerdekakan,kelambanan
memopulerkan,kelancangan
memotivasi,kelangkaan
memperaman,kelaparan
memperbagus,kelas dua
memperbaiki,kelelahan
memperbantukan,kelemahan
memperbarui,kelemahan karena usia tua
mempercanggih,kelembutan
mempercantik,kelesuan
mempercerdas,keletihan
memperdamai,keliru
mempererat,keluar
memperhatikan,keluhan
memperindah,Keluhan
memperlancar,kelupaan
memperlapang,kemacetan
mempermudah,kemalangan
mempersatukan,kemalasan
mempersiapkan,kemandekan
mempersolid,kemarahan
mempersukses,kemasukan setan
mempertampan,kemasyhuran
mempertemukan,kematian
mempertimbangkan,kembali
memuaskan,kemelaratan
memudahkan,kemenduaan
memuji,kemerosotan
memukau,kemiskinan
memuliakan,kemunafikan
memulihkan,kemunduran
memurnikan,kemurkaan
memusyawarahkan,kemurungan
menaati,kemustahilan
menakjubkan,kendor
menang,kendur
menarik,kenekatan
menauladani,kental
mencerahkan,kepahitan
mencerdaskan,kepala batu
menceriakan,kepala-sakit
mendamaikan,kepatahan
mendapat tempat,kepedaran
mendayagunakan,kependekan
mendayaupayakan,kepentingan
mendonasikan,kepentingan diri sendiri
mendonorkan,kepicikan
mendorong,keputusasaan
mendukung,keputusasan
menegakkan,keracunan
meneladani,keraguan
menenangkan,kerangka
menengahi,keras
menentramkan,keras hati
menepati,keras kepala
menerima,keras-kapal
menertibkan,kerasnya
menetapkan,kerdil
mengagumi,kere
mengagumkan,kerepotan
mengakrabkan,kereta
mengakurkan,keretakan
mengamankan,keriangan
mengandalkan,keributan
menganjurkan,kerinduan
mengantisipasi,kering
menganugerahi,keriput
menganugrahi,keriuhan
menganugrahkan,kerlip
mengasah,keroncongan
mengedukasi,kerugian
mengedukasikan,Kerugian
mengefektifkan,kerusakan
mengerti,kerusuhan
menggalakkan,kerut
menggapai,keruwetan
menggenjotkan,kesal
menggiatkan,kesalahan
menggugah,kesalahan besar
menghadiahkan,kesalahan hitung
menghadiri,kesalahpahaman
menghargai,kesamaan
mengharmoniskan,kesedihan
mengharu biru,keseganan
mengharukan,kesegeraan
mengharumkan,kesembronoan
menghayati,kesendirian
menghemat,kesengitan
menghentikan,kesengsaraan
menghibur,kesepian
menghijaukan,keserakahan
menghormati,keseriusan
mengilhami,kesesakan
mengimbangi,kesilauan
mengingatkan,kesombongan
menginovasikan,kesulitan
menginsafi,kesuraman
menginsafkan,kesyahidan
menginspirasi,ketabahan
menginspirasikan,ketakberanian
mengisi,ketakutan
mengokohkan,ketamakan
mengoptimalkan,ketat
mengukuhkan,ketegangan
mengulurkan tangan,ketenangan
mengungguli,keterbatasan
mengungkap,keterbelakangan
mengungkap kasus,keterlaluan
menguntungkan,ketiadaan
mengupayakan,ketiadaan rasa hormat
mengusahakan,ketidakabsahan
menimba ilmu,ketidakadilan
menindak,ketidakakuratan
menindaklanjuti,ketidakamanan
meningkat,ketidakbahagiaan
meningkatkan,ketidakberdayaan
menjadi sama,ketidakbijaksanaan
menjaga,ketidakcakapan
menjaring,ketidakcocokan
menjawab,ketidakcukupan
menjembatani,ketidakefektifan
menjernihkan,ketidakefisienan
menjinakkan,ketidakjelasan
menjiwai,ketidakjujuran
menolong,ketidakkasihan
menstabilkan,ketidaklogisan
mensucikan,ketidakmampuan
mensyukuri,ketidakmampuan menyesuaikan diri
mentaati,ketidakmungkinan
menunaikan,ketidakmurnian
menunjang,ketidakpantasan
menuntun,ketidakpedulian
menyadari,ketidakpercayaan
menyadarkan,ketidakpuasan
menyayangi,ketidakrelevanan
menyeimbangkan,ketidaksabaran
menyelamatkan,ketidaksamaan
menyelaraskan,ketidakseimbangan
menyelesaikan,ketidaksempurnaan
menyesuaikan,ketidaksenangan
menyetujui,ketidaksenonohan
menyinergikan,ketidaksetaraan
menyingkronkan,ketidaksetiaan
menyingsingkan,ketidaksopanan
menyinkronkan,ketidakstabilan
menyucikan,ketidaktahuan
menyukai,Ketidaktelitian
menyukseskan,ketidaktelitian
merahmati,ketidakteraturan
meraih,ketidaktertarikan
merampungkan,ketidaktoleranan
merangkul,ketidaktulusan
merapihkan,ketinggalan
merapikan,ketukan
merawat,ketus
merdu,kewajiban
meremajakan,kewalahan
merenungi,kezaliman
merenungkan,khawatir
merestui,khayalan
meriah,khayalan belaka
meridai,khayali
meridhai,khianat
meridhoi,khusus
meridoi,kiamat
meringankan,kikir
merohmati,kikuk
merukunkan,kios
momentum,kisi
motivasi,klik
mudah,klise
mudah-mudahan,knalpot
mufakat,kolot
mujarab,kompatibel
mujur,kompleks
mulia,komplikasi
multi fungsi,komplotan
multi guna,kompong
multifungsi,konflik
multiguna,konfrontasi
mulus,kongkalikong
mumpuni,konservatif
murah,konsesi
murni,konspirasi
mustajab,konspiratif
musyawarah,konspirator
mutakhir,kontaminasi
naik,kontensius
ngetop,kontol
ngetren,kontra
nikmat,kontra-produktif
nilai tambah,kontradiksi
nomor wahid,kontradiktif
normal,kontraproduktif
nyaman,kontroversi
objektif,kontroversial
obyektif,konyol
ok,korban
optimal,korban kecelakaan
optimis,korosi
optimisme,korosif
optimistis,korup
orisinal,korupsi
orisinalitas,kotor
orisinil,kotoran
pahlawan,kram
pakar,krisis
pandai,kritik
pantas,kritikus
panutan,kritis
patroli,kronis
patuh,kuat
peduli,kuatir
pegangan,kucam
pejuang,kucing gemuk
pekerti,kudung
pelancaran,kukuh
pelayanan,kuning
peleraian,kuno
pelestarian,kupas
pelipur,kurang
pemaaf,kurang ajar
pemantapan,kurang baik
pembangunan negara,kurang berkembang
pembangunan umat,kurang beruntung
pembaruan,kurang dikenal
pembenahan,kurang lengkap
pemberdayaan,kurang menarik
pembulatan tekad,kurang pengalaman
pemeriksaan,kurang sehat
pemersatu,kurang sopan
pemersatuan,kurus
pencari ilmu,kusut
pencarian,kutukan
pencerahan,labil
pendidik,labu
pendonasian,lacur
pendonor,lalai
penegakan,lalim
penemu,lama
penengah,lamban
penerang,lambat
pengampunan,lancang
pengantisipasian,lancar
penganugerahan,lapis kedua
pengembangan,lapuk
pengertian,larangan
penggalakan,larut
penggiatan,latency
penggugah,lawan
penghargaan,lebam
penghijauan,lebih buruk
pengoptimalan,lebih keras
peningkatan,lebih mahal
penjelasan,lebihan
penjernihan,lecet
penolong,ledakan
penstabilan,lekat
penting,lekir
penuntun,lekuk
penurut,lelah
penyabar,lelucon
penyantun,lemah
penyantunan,lemak
penyatuan,lemak-kucing
penyayang,lemas
penyuksesan,lembab
peran kunci,lembek
perbaikan,lemot
percaya,lendir
perdamaian,lengkap
perhatian,lengket
perkembangan,lepas
persahabatan,lereng
persaudaraan,lesu
pertaubatan,letih
pertobatan,letusan
pertolongan,liar
pertumbuhan,licik
perundingan,licin
petunjuk,lier
pintar,limbah
populer,limbung
positif,linglung
potensi,lintah
potensial,lirik
praktis,longgar
preseden,luah
presisi,luar biasa
prestasi,lubang angin
prestise,lucu
prestisius,luka
prima,luka bakar
primadona,luka lecet
prioritas,lumpuh
proaktif,lumpur
produktif,lunak
profesional,lupa
profit,lusuh
proporsional,Maaf
prospektif,mabuk
proteksi,mabuk kepayang
puas,mafia
pulih,mahal
rahman,main mata
rahmat,main perempuan
rajin,mainan kerincingan
ramah,makian
ramah tamah,makin
rampung,malang
rapi,malapetaka
rapih,malas
rasional,malu
rasul,malu-malu
realistis,mampat
reformasi,mandek
rekonsiliasi,manipulasi
relawan,manipulatif
relevan,manipulator
relevansi,manja
relevansinya,marah
reliabel,marah-marah
renungan,marginal
resmi,masalah
responsif,masam
revolusioner,mati
rezeki,mati kelaparan
riang,mati lemas
rida,mati rasa
ridha,mati-matian
ridho,mau bertobat
rido,megah
rileks,megap-megap
riset,melalaikan
rohmat,melambat
rukun,melampiaskan
rupawan,melancarkan
sabar,melanggar
sadar,melanggar hukum
sakinah,melanggar susila
saksama,melarang
saleh,melarikan diri
salehah,melawan hukum
saling tegur,melayu
salut,melebih-lebihkan
sanggup,melecehkan
santun,meledak
satu padu,melelahkan
sayang,melemahkan
sebaik-baiknya,melenceng
sebesar mungkin,melengking
secepatnya,melengkingkan
seefektif,melengkung
seimbang,melenyapkan
sejalan,melepaskan
selamat,melepuh
selaras,meleset
selesai,meletakkan-off
selesaikan,melibatkan
semangat,melimpahi
semoga,melinglungkan
senang,melodramatis
serius,melongo
sesuai,melongsorkan
setuju,melucuti senjata
shaleh,melukai
shalehah,meluluhkan
shalihah,melumpuhkan
sholeh,melunakkan
siap,meluruhkan
silahkan,memabukkan
silaturahmi,memadamkan
simpati,memakan waktu
sistematik,memaksa
sistematis,memaksakan
siuman,memalsukan
sobat,memalukan
sohib,memamerkan
solid,memanaskan
solidaritas,memancing
solider,memandang dengan marah
solusi,memandang rendah
sopan,memanjakan
sopan santun,memar
sorga,memarahi
spektakuler,memarahkan
spesial,memarut
sportif,mematahkan semangat
sportivitas,mematikan
stabil,membagi
steril,membahas
strategis,membahayakan
subsidi,membakar
suci,membalas
sudah berupaya,membalikkan
sudah berusaha,membanjiri
sudah dilakukan,membantah
sukaria,Membantah
sukses,membara
syukuran,membatalkan
taat,membatasi
tahu,membatu
tak ada banding,membayar lebih
tak ada bandingan,membedakan
tak ada tandingan,membeku
talenta,membekukan
tampan,membela
tangguh,membelit
taubat,membenci
tauladan,membengisi
tawaduk,memberatkan
tawakal,memberhentikan
tegar,memberontak
tegas,membinasakan
teguh,membingungkan
tekad,membohong
tekun,memboikot
teladan,memboikot dr masyarakat
telah berjalan,membolos
tenteram,membombardir
tentram,membongkar
tepa salira,membosankan
tepat guna,membuang
tepat sasaran,membuang waktu
tepati,membuat
terahmati,membuat bersedih hati
terawat,membuat bingung
terbaik,membuat kasar
terbantu,membuat malu
terbarukan,membubuhi gula
terbiasa,membujuk
terbrilian,membunuh
tercakap,memburuk
tercakep,memburukkan
tercanggih,memburuknya
tercangging,membusuk
tercantik,membutakan
tercerdas,memecat
terdongkrak,memekakkan telinga
teredukasi,memenjarakan
terfavorit,mementingkan diri sendiri
terfenomenal,memeras
tergapai,memerciki
terharu,memerintahkan
terhebat,memfitnah
terhibur,memihak
terhormat,memikat
terima kasih,memisahkan
terindah,memiskinkan
terinformasi,memohon
terinspirasi,memperberat
teristimewa,memperbudak
terjangkau,memperdaya
terkagum-kagum,memperdayakan
terkasih,memperingatkan
terkenal,memperkosa
terkendali,memperlambat
terkirim,memperlemah
terlezat,mempersiapkan
terlincah,mempesona
termasyhur,mempolemikkan
termotivasi,memprihatinkan
ternama,mempropagandakan
terohmati,memprotes
terpana,memprovokasi
terpandai,memuakkan
terpandang,memuaskan diri
terpilih,memudarnya
terpintar,memukul
terpuji,memukul dengan tongkat
terpukau,memukul mundur
tersabar,memuntahkan
tersadar,memurahkan
tersadarkan,memusnahkan
tersantun,memutar
tersantuni,memutarbalikkan
tersayang,memutuskan
tersipu,menabrak
tersipu-sipu,menahan
tersohor,menakuti
tersopan,menakutkan
terspektakuler,menampar
terstruktur,menanamkan
tersuci,menangis
tersucikan,menarik diri
tersukses,menarik kembali
tertaat,menarik perhatian
tertampan,menaruh simpati
tertib,menasihati
tertolong,mencabut
teruji,mencabut perlindungan hukum
terungkap,mencaci
terurus,mencairkan
terus terang,mencampuradukkan
tetap di sini,mencampuri
tiada banding,mencap
tiada bandingan,mencekik
tiada tandingan,mencela
tidak ada banding,mencemari
tidak ada bandingan,mencemaskan
tidak ada tandingan,mencemoohkan
toleran,mencibir
toleransi,mencicit
tolong-menolong,mencium
trofi,menciut-ciut
tropi,mencla-mencle
tulus,mencolok
tuntas,mencopoti
tuntun,mencubit
tuntunan,mencuci otak
ukhuwah,mencuri
ulet,mencurigakan
unggul,mendadak
unggulan,mendakwa
unik,mendatang
usulan bersama,mendatangkan
usulan masyarakat,mendeklamasikan
valid,menderita
visibel,menderita khayalan
wah,menderita sekali
wajar,mendesak
wajar-wajar,mendesis
wibawa,mendidih
yahud,mendistorsi
yakin,menduduki
accord,menegur
asyik,menekan
asyiknya,menekankan
bantuan,menelan
bimbingan,menentang
aduhai,menertawakan
boleh juga,menetes
luar biasa,mengabaikan
sabar,mengaburkan
keren,mengacak
cakep,mengacaukan
senang,mengaku
maaf,mengakui
minta maaf,mengalah
sehat,mengalahkan
suka,mengalihkan
cinta,mengambil alih
dimaafkan,mengamputasi
dikejar,mengamuk
tidak apa-apa,mengancam
cepat sembuh,mengancam jiwa
jago,mengangkat bahu
imut,menganiaya
jujur,mengatakan
adil,mengebiri
lucu,mengecam
terima kasih,mengecewakan
sehat,mengecilkan
manis,mengecilkan hati
mantap,mengejan
lebih baik,mengejek
mengaku,mengejuntukan
profesional,mengejutkan
nyaman,mengeksploitasi
rezeki,mengeluarkan
setuju,mengeluarkan isi perut
sumbangan,mengeluh
amal,mengelupas
menggemaskan,mengembara
boleh juga,mengemis
,mengendapkan
,mengepung
,mengerang
,mengeras
,mengerdilkan
,mengerikan
,mengering
,mengerjakan dengan kurang baik
,mengerti
,mengerut
,mengesalkan
,menggagalkan
,menggampangkan
,mengganggu
,mengganggu ketenangan
,menggantikan
,menggantung
,menggaruk
,menggarut
,menggasak
,menggelapkan
,menggelegar
,menggelepar
,menggeliat-geliut
,menggelikan
,menggelisahkan
,menggemparkan
,menggentari
,menggerakkan
,menggeram
,menggerenyet
,menggerogoti
,menggertak
,menggerutu
,menggigil
,menggigit
,menggila
,menggiling
,menggoda
,menggoyang
,menggugat
,menggugurkan
,menggulingkan
,menggusarkan
,menghadapi
,menghalangi
,menghalau
,menghambat
,menghancurkan
,menghantui
,menghapus
,menghapuskan
,menghasut
,menghebohkan
,mengherankan
,menghilangkan
,menghina
,menghinakan
,menghindari
,menghujat
,menghukum
,menghukum sebelum memeriksa
,mengigau
,mengikis
,mengindoktrinasikan
,mengingkari
,menginjak-injak
,mengintai
,mengintimidasi
,mengintip
,mengisap
,mengkhawatirkan
,mengkhianati
,mengkritik
,mengoceh
,mengolesi
,mengolok-olok
,mengomel
,mengorbankan
,mengotori
,mengotorkan
,mengoyakkan
,menguap
,menguasai
,mengumpat
,mengumumkan kekurangan
,mengundurkan diri
,menguntungkan
,mengurangi
,menguras
,mengusir
,mengutuk
,Mengutuk
,meniadakan
,menidurkan
,menimbulkan
,menimbulkan kebencian
,menimpa
,menindas
,meninggal
,meninggal dunia
,meninggalkan
,meningkat
,meninju
,menipu
,menitis
,menjadi kaya
,menjadi terlalu panas
,menjarah
,menjatuhkan
,menjauhkan
,menjauhkan diri
,menjelekkan
,menjemukan
,menjengkelkan
,menjerat
,menjerit
,menjijikkan
,menjiplak tulisan
,menodai
,menohok
,menolak
,menonjol
,mentah
,menuduh
,menumbangkan
,menumpahkan
,menunda
,menunduk
,menundukkan
,menuntut
,menurun
,menurunkan
,menurunkan nilai
,menusuk
,menutup jalan
,menyaingi
,menyakiti
,menyakitkan
,menyala
,menyalahgunakan
,menyalahkan
,menyangkal
,menyangsikan
,menyapa
,menyayangkan
,menyayat
,menyayat hati
,menyebalkan
,menyederhanakan
,menyedihkan
,menyelinap
,menyembunyikan
,menyenangkan
,menyengat
,menyentakkan
,menyerah
,menyeramkan
,menyerang
,menyerbu
,menyeret
,menyesali
,menyesalkan
,menyesatkan
,menyesatkan pikiran
,menyia nyiakan
,menyiangi
,menyihir
,menyiksa
,menyilaukan
,menyimpang
,menyindir
,menyinggung
,menyita pikiran
,menyolok
,menyombongkan
,menyumbat
,menyumpahi
,menyusahkan
,menyusup
,menyusut
,meracuni
,meragukan
,merajalela
,merajuk
,merampas
,merana
,merancang
,merangsang
,merasa jijik
,merata
,meratap
,meratapi
,meraup
,merayap
,merebut
,meremas
,meremehkan
,merencanakan
,merendahkan
,merendahkan martabat
,merengek
,merenung
,merepet
,meresahkan
,meretas
,merinding
,meringis
,merobek
,merokok
,merongrong
,merosot
,merugikan
,merusak
,merusak akhlak
,merusak bentuk
,merusakkan
,mewah
,meyakinkan
,mimpi buruk
,miring
,misinformasi
,miskin
,misteri
,misterius
,mitos
,momok
,mubazir
,mudah terharu
,mudah tersinggung
,mudah tertipu
,multi-polarisasi
,munafik
,mundur
,mungil
,mungkin
,mungkir
,muntah
,muntahan
,muntahan kebencian
,murah
,murahan
,muram
,murka
,murtad
,murung
,muslihat
,mustahil
,musuh
,nafsu berahi
,nafsu berperang
,naif
,najis
,nakal
,ndeso
,negatif
,nekat
,nenek
,nepotisme
,neraka
,neurotik
,ngambek
,ngawur
,ngelantur
,ngeri
,ngobrol
,ngomel
,noda
,noda-noda
,non-aktif
,non-keyakinan
,nyaring
,nyengir
,nyeri
,nyinyir
,nyonya
,obat bius
,obrolan
,obsesif
,obyek
,ocehan
,ogah-ogahan
,omelan
,omong kosong
,oportunistik
,oposisi
,orak
,orang asing
,orang bodoh
,orang buangan
,orang canggung
,orang celaka
,orang dungu
,orang fanatik
,orang gila
,orang ingkar
,orang kikir
,orang luar
,orang membenci
,orang miskin
,otokrat
,otokratis
,otoriter
,overakting
,padat
,pagar
,pahit
,paksaan
,paling aneh
,paling kejam
,paling lambat
,paling menakutkan
,palsu
,panas
,panci
,pandangan marah
,pandangan yg menghinakan
,panggilan
,panggilan dari pengadilan
,panik
,panjang
,paradoks
,paradoksal
,parah
,paranoia
,paranoid
,parasit
,paria
,parno
,parodi
,partisan
,pasif
,pasrah
,pasti
,patah
,patah hati
,patuh
,patung
,payudara
,pecah
,pecahnya
,pecandu
,pecundang
,pedas
,pedih
,pekerja buruk
,pekerjaan rumah
,pelabuhan
,pelacur
,pelakunya
,pelalaian
,pelan-pelan
,pelanggar
,pelanggar hukum
,pelanggaran
,pelanggaran hukum
,pelawak
,pelemahan
,pelepasan nafsu berahi
,pelit
,pelupa
,pemabuk
,pemalas
,pemalsuan
,pemarah
,pembakar
,pembakaran
,pembalasan
,pembangkang
,pembangkangan
,pembantaian
,pembatalan
,pembaur
,pembekuan
,pembela
,pembenci
,pembengkakan
,pemberang
,pemberontakan
,Pembobolan
,pembohong
,pembongkar
,pemborosan
,pembual
,pembuangan
,pembuatan
,pembubaran
,pembukaan lagu
,pembunuh
,pembunuhan
,pembunuhan besar-besaran
,pemecahan
,pemegatan
,pemerasan
,pemerkosaan
,pemfitnah
,pemfitnahan
,pemilih
,pemisahan
,pemotongan
,pemukulan
,pemusnahan
,pemutarbalikan
,penaklukan
,penakut
,penalti
,penangkapan
,pencegah
,pencemar
,pencemas
,pencurian
,pendapat
,pendendam
,penderita
,penderitaan
,penderitaan mendalam
,pendosa
,penekanan
,pengabaian
,pengacau
,pengaduan
,pengakuan
,pengamuk
,penganggur
,penganiaya
,penganiayaan
,pengap
,pengasingan
,pengeboman
,pengecualian
,pengecut
,pengemis
,pengenaan
,pengepungan
,pengeringan
,pengganggu
,penggerutu
,penghancuran
,penghasut
,penghinaan
,penghindaran
,penghujatan
,penghukuman
,pengingatan
,pengingkaran
,pengiring jenazah
,pengkhianat
,pengkhianatan
,pengkritik
,pengobrol
,pengotor
,pengrusakan
,pengumpatan
,pengunduran diri
,pengurangan
,penindas
,penindasan
,penipu
,penipuan
,penjahat
,penjara
,penjara gelap bawah tanah
,penjarah
,penolakan
,penuh
,penuh benci
,penuh celaan
,penuh curiga
,penuh dosa
,penuh sesal
,penumpasan
,penundaan
,penurunan
,penurut
,penyadap
,penyakit
,penyakit gila
,penyalahgunaan
,penyangkalan
,penyederhanaan berlebihan
,penyelewengan
,penyembunyian
,penyendiri
,penyerbu
,penyergapan
,penyesalan
,penyesat
,penyesatan
,penyiksaan
,penyimpang
,penyimpangan
,penyisihan
,penyok
,penyuapan
,penyusup
,peot
,peradangan
,perampas
,perampasan
,perangkap
,perasaan geli
,perasaan waswas
,perawan tua
,perbedaan pendapat
,perbuatan jahat
,perbudakan
,perdarahan
,perebut
,perempuan jahanam
,perfidity
,pergolakan
,perhatian
,perih sekali
,peringatan
,perjuangan
,perkelahian
,perlakuan kejam
,perlawanan
,perlu
,permohonan
,permusuhan
,perpecahan
,persahabatan
,persaingan
,perselisihan
,pertempuran
,pertengkaran
,pertengkaran sengit
,pertentangan
,pertikaian
,pertumpahan darah
,pertunjukkan
,perubahan
,perusak
,pesimis
,pesimisme
,pesimistis
,pesta
,pesta besar
,pesuruh
,petualangan
,PHK
,picik
,picketed
,pidana
,piket
,pikun
,pilih-pilih
,pimpinan salah
,pincang
,pingsan
,pisah
,pisau
,piuh
,plin-plan
,polusi
,prasangka
,pratfall
,prihatin
,primitif
,propaganda
,protes
,provokasi
,provokatif
,puas
,pucat
,pukulan
,punah
,punk
,pura-pura
,pusing
,putus
,putus asa
,racun
,radikal
,Radikal
,radikalisasi
,ragu
,ragu-ragu
,rajin
,raksasa
,ramai
,rambut rontok
,rampasan
,rantingly
,rants
,rapuh
,rasa bersalah
,rasa cemas
,rasa gelisah
,rasa sakit
,rasa suram
,rasa tidak berterimakasih
,rasa tidak enak
,rasis
,rasisme
,reaksioner
,realistis
,rebusan
,redundansi
,redup
,relevan
,remang
,remang-remang
,remeh
,remehkan
,rendah
,rendah dinilai
,rendahan
,rentan
,represi
,represif
,reruntuhan
,resah
,resesi
,retak
,retorik
,retoris
,rewel
,reyot
,ribet
,ribut
,rintik
,risiko
,riuh
,roboh
,rongsokan
,ruam
,rumah kaca
,rumit
,rumor
,runtuh
,rusak
,rusuh
,sabar
,sabotase
,sakit
,sakit dirancang
,sakit hati
,sakit kepala
,sakit punggung
,sakit saraf
,sakit-dibentuk
,sakit-didefinisikan
,sakit-digunakan
,sakit-dipahami
,sakit-penggunaan
,sakitan
,sakitnya tuh disini
,salah
,Salah
,salah baca
,salah hitung
,salah informasi
,salah membaca
,salah menafsirkan
,salah mengerti
,salah mengucapkan
,salah mengurus
,salah menilai
,salah menyebutkan
,salah paham
,salah pikiran
,salah saji
,salju longsor
,saluran air
,sama sekali
,samar
,samaran
,sambilan
,sampah
,sandal bakiak
,sandera
,sangat
,sangat efektif
,sangat jahat
,sangat lapar
,sangat marah
,sangat menakjubkan
,sangat sedikit
,sanggahan
,sarkasme
,sarkastik
,saru
,satir
,satiris
,sayangnya
,sebelum waktunya
,sedang saja
,sederhana
,sedih
,sedikit
,segan
,segera
,sejajar
,selai
,selang
,selendang
,selingan
,selokan
,sembarangan
,sembrono
,semburan
,sementara
,sempit
,semrawut
,sendirian
,sengit
,sensasi
,sensasional
,sensasionil
,sentakan
,sepakan
,sepele
,serakah
,seram
,serampangan
,serangan
,Serangan
,serangan gencar
,seret
,serius
,serong
,sesat
,setan
,setengah hati
,setia
,sewenang-wenang
,shamefulness
,shamelessness
,sia-sia
,sial
,sialan
,sikap
,siksaan
,sindiran
,sindroma
,singkat
,sinis
,sinisme
,sinting
,siput
,sirep
,sisa-sisa
,sisi bawah
,sisi buta
,siuman
,skandal
,skeptis
,sobek
,sok
,sok nasehati
,sok ngatur
,sombong
,sporadis
,stagnasi
,statis
,steal
,stereotip
,stres
,suam
,suar
,subversif
,suka memandang rendah
,sulit
,sumbang
,sundal
,suram
,susah
,syok
,tabir asap
,tabu
,tahayul
,tahi
,tai
,tajam
,taji
,tak ada artinya
,tak bahagia
,tak baik
,tak berarti
,tak berdaya
,tak bergairah
,tak berguna
,tak beriman
,tak bermutu
,tak bernyawa
,tak berperasaan
,tak berperikemanusiaan
,tak berpindah-pindah
,tak bersedia
,tak biasa
,tak dihargai
,tak henti-hentinya
,tak hormat
,tak jelas
,tak kelihatan
,tak kenal ampun
,tak kompeten
,tak layak
,tak menentu
,tak pernah puas
,tak populer
,tak putus-putusnya
,tak sehat
,tak sepakat
,tak setuju
,tak tahu malu
,tak tentu
,tak terbayangkan
,tak terbedakan
,tak terdamaikan
,tak terduga
,tak terelakkan
,tak terhindarkan
,tak terhitung
,tak terkatakan
,tak terkendalikan
,tak terpecahkan
,tak terpenuhi
,tak tertahankan
,takhyul
,takut
,tamak
,tamparan
,tandus
,tangki
,tanpa
,tanpa alasan
,tanpa ampun
,tanpa belas kasihan
,tanpa berpikir
,tanpa cinta
,tanpa dasar
,tanpa diketahui
,tanpa hasil
,tanpa henti
,tanpa hukum
,tanpa iman
,tanpa kompromi
,tanpa malu
,tanpa pandang bulu
,tanpa rebewes
,tanpa sadar
,tanpa semangat
,tanpa tujuan
,tantangan
,tawanan
,tawar-menawar
,tebal
,tegang
,tegar
,teguran
,tekanan
,telanjang
,teliti
,tenggelam
,tenggelamnya
,tengkar
,teralihkan
,teramat
,teramati
,terampil
,terang-terangan
,terangsang
,terasa tidak enak
,terasing
,terbalik
,terbandingkan
,terbatas
,terbawah
,terbayangkan
,terbelakang
,terbodoh
,terbuang
,terbujuk
,terbukti
,terbunuh
,terburu nafsu
,terburuk
,tercela
,tercemar
,terdefinisi
,terdelusi
,terduga
,terencana
,terfragmentasi
,tergagap
,terganggu
,tergenang
,tergesa-gesa
,terhalang
,terhambat
,terhina
,terhukum
,teriakan
,terik
,terinfeksi
,terinfestasi
,terjal
,terjangan
,terjangkau
,terjawab
,terjelek
,terkejut
,terkena
,terkenal
,terkenal jahat
,terkesima
,terkulai
,terkutuk
,terlalu
,terlalu banyak
,terlalu berani
,terlalu bersemangat
,terlalu besar
,terlalu mahal
,terlalu menekankan
,terlalu tinggi
,terlambat
,terlantar
,terlarang
,terlepas
,terlibat
,termiskin
,ternoda
,teror
,terorirs
,terorisme
,terpencil
,terpengaruh
,terperangkap
,terperanjat
,terputus-putus
,tersandung
,tersangka
,tersangkut
,tersedak
,terselesaikan
,terselubung
,tersembunyi
,tersembunyi dan membahayakan
,tersendat
,tersentak-sentak
,tersiksa
,tersinggung
,tersumbat
,tertagihnya
,tertahankan
,tertanam di hati
,tertancap
,tertandingi
,tertarik
,tertekan
,tertempa
,tertinggal
,tertipu
,terurai
,tiba-tiba
,tidak
,tidak ada
,tidak ada reaksi
,tidak adil
,tidak akurat
,tidak aman
,tidak bagus
,tidak benar
,tidak beralasan
,tidak berharga
,tidak berhasil
,tidak berhati-hati
,tidak berkelanjutan
,tidak berperasaan
,tidak bertanggung jawab
,tidak bijaksana
,tidak cakap
,tidak cukup
,tidak curiga
,tidak dapat diandalkan
,tidak dapat digunakan
,tidak dapat dipertahankan
,tidak dapat diterima
,tidak dibutuhkan
,tidak didukung
,tidak diinginkan
,tidak diketahui
,tidak disukai
,tidak efektif
,tidak efisien
,tidak etis
,tidak hormat
,tidak jelas
,tidak jujur
,tidak kompeten
,tidak kompetitif
,tidak konsisten
,tidak kreatif
,tidak kuat
,tidak layak
,tidak lazim
,tidak lengkap
,tidak logis
,tidak mampu
,tidak masuk akal
,tidak memadai
,tidak mematuhi
,tidak membantu
,tidak memiliki
,tidak memuaskan
,tidak menarik
,tidak mendukung
,tidak menghargai
,tidak menyenangkan
,tidak menyetujui
,tidak menyukai
,tidak mungkin
,tidak nyaman
,tidak ortodoks
,tidak pantas
,tidak peduli
,tidak peka
,tidak penting
,tidak perlu
,tidak praktis
,tidak produktif
,tidak puas
,tidak ramah
,tidak rasional
,tidak resmi
,tidak sama
,tidak sebanding
,tidak seimbang
,tidak sempurna
,tidak setuju
,tidak sopan
,tidak suka
,tidak tahu berterima kasih
,tidak tegas
,tidak tepat
,tidak terbaca
,tidak terbukti
,tidak terdengar
,tidak terduga
,tidak terkalahkan
,tidak tersedia
,tidak tetap
,tidak tulus
,tidak wajar
,tikungan
,tikus
,timbunan
,timidness
,timpang
,tindak pencegahan
,tindakan ekstrimis
,tindakan merugikan
,tindakan yg bodoh
,tinggi harga-
,tinggi hati
,tinju
,tipis
,tipu
,tipu daya
,tipu muslihat
,tirani
,tolol
,topangan
,totaliter
,tragedi
,tragis
,traped
,trauma
,traumatis
,tuduhan
,Tuduhan
,tukang daging
,tukang fitnah
,tukang jualan
,Tukang onar
,Toketnya
,tuli
,Tumbang
,tumpul
,tuna karya
,tunggul
,Tunggul
,tusukan
,uap
,ugal-ugalan
,ulang
,ular berbisa
,ultimatum
,ultra-garis keras
,umpan
,umpatan
,untuk sementara
,usang
,usil
,utuh
,vagina
,virus
,volatil
,vulgar
,wabah
,waria
,was-was
,waspada
,wastafel
,ya silahkan saja
,Yahudi
